{
    "batch_size": 128,
    "best_valid_measure": 0.2619467039520924,
    "epoch": 7,
    "last_improvement": 4,
    "last_improvement_epoch": 3,
    "learning_rate": 0.001,
    "num_increases_bs": 0,
    "num_reductions_lr": 0,
    "steps": 3836,
    "test_stats": {
        "category": {
            "accuracy": [
                0.875106757096207,
                0.8110022607385079,
                0.9112283345892992,
                0.9066063803064557,
                0.9160010047726702,
                0.9121828686259734,
                0.9091183119819141
            ],
            "hits_at_k": [
                1.0,
                1.0,
                1.0,
                1.0,
                1.0,
                1.0,
                1.0
            ],
            "loss": [
                0.2866683178048612,
                0.4732655055437277,
                0.23937321332075343,
                0.248265805612165,
                0.2499326382291823,
                0.30390044717565906,
                0.5464511570454962
            ]
        },
        "combined": {
            "accuracy": [
                0.875106757096207,
                0.8110022607385079,
                0.9112283345892992,
                0.9066063803064557,
                0.9160010047726702,
                0.9121828686259734,
                0.9091183119819141
            ],
            "loss": [
                0.2866683178048612,
                0.4732655055437277,
                0.23937321332075343,
                0.248265805612165,
                0.2499326382291823,
                0.30390044717565906,
                0.5464511570454962
            ]
        }
    },
    "train_stats": {
        "category": {
            "accuracy": [
                0.9151773616123005,
                0.8686511389083026,
                0.9850380111537419,
                0.9863787422800987,
                0.9953074410577513,
                0.9943232873586171,
                0.9943232873586171
            ],
            "hits_at_k": [
                1.0,
                1.0,
                1.0,
                1.0,
                1.0,
                1.0,
                1.0
            ],
            "loss": [
                0.2192678696788445,
                0.28308272736840157,
                0.05118362080839867,
                0.048109446686305894,
                0.019488209880135762,
                0.018450327592281105,
                0.017747665034642025
            ]
        },
        "combined": {
            "accuracy": [
                0.9151773616123005,
                0.8686511389083026,
                0.9850380111537419,
                0.9863787422800987,
                0.9953074410577513,
                0.9943232873586171,
                0.9943232873586171
            ],
            "loss": [
                0.2192678696788445,
                0.28308272736840157,
                0.05118362080839867,
                0.048109446686305894,
                0.019488209880135762,
                0.018450327592281105,
                0.017747665034642025
            ]
        }
    },
    "vali_stats": {
        "category": {
            "accuracy": [
                0.8730969551282052,
                0.8108974358974359,
                0.9058493589743589,
                0.9034455128205128,
                0.9135616987179487,
                0.9045472756410257,
                0.9069511217948718
            ],
            "hits_at_k": [
                1.0,
                1.0,
                1.0,
                1.0,
                1.0,
                1.0,
                1.0
            ],
            "loss": [
                0.29957239196086544,
                0.468784572604375,
                0.2619467039520924,
                0.2692481736915234,
                0.2695096642352067,
                0.3313036311704379,
                0.6022184598140228
            ]
        },
        "combined": {
            "accuracy": [
                0.8730969551282052,
                0.8108974358974359,
                0.9058493589743589,
                0.9034455128205128,
                0.9135616987179487,
                0.9045472756410257,
                0.9069511217948718
            ],
            "loss": [
                0.29957239196086544,
                0.468784572604375,
                0.2619467039520924,
                0.2692481736915234,
                0.2695096642352067,
                0.3313036311704379,
                0.6022184598140228
            ]
        }
    }
}